[{
  "id": 0,
  "name": "Rae",
  "surname": "Swanson",
  "age": 34,
  "gender": "F",
  "company": "INFOTRIPS",
  "email": "raeswanson@infotrips.com",
  "phone": "(958) 556-2619",
  "address": "Westphalia",
  "city": {
    "id": 161,
    "name": "Maybell"
  },
  "greeting": "Hello, Rae! You have 4 unread messages."
}, {
  "id": 1,
  "name": "Molly",
  "surname": "Potts",
  "age": 29,
  "gender": "F",
  "company": "RETROTEX",
  "email": "mollypotts@retrotex.com",
  "phone": "(994) 466-2642",
  "address": "Epworth",
  "city": {
    "id": 189,
    "name": "Hall"
  },
  "greeting": "Hello, Molly! You have 8 unread messages."
}, {
  "id": 2,
  "name": "Pugh",
  "surname": "Sweet",
  "age": 23,
  "gender": "M",
  "company": "PEARLESEX",
  "email": "pughsweet@pearlesex.com",
  "phone": "(884) 553-2855",
  "address": "Grapeview",
  "city": {
    "id": 3,
    "name": "Belvoir"
  },
  "greeting": "Hello, Pugh! You have 7 unread messages."
}, {
  "id": 3,
  "name": "Lindsey",
  "surname": "Bonner",
  "age": 30,
  "gender": "F",
  "company": "ZENTIA",
  "email": "lindseybonner@zentia.com",
  "phone": "(964) 494-2828",
  "address": "Stewartville",
  "city": {
    "id": 14,
    "name": "Edenburg"
  },
  "greeting": "Hello, Lindsey! You have 8 unread messages."
}, {
  "id": 4,
  "name": "Cohen",
  "surname": "Jimenez",
  "age": 16,
  "gender": "M",
  "company": "TROPOLI",
  "email": "cohenjimenez@tropoli.com",
  "phone": "(960) 404-2456",
  "address": "Wauhillau",
  "city": {
    "id": 10,
    "name": "Hardyville"
  },
  "greeting": "Hello, Cohen! You have 4 unread messages."
}, {
  "id": 5,
  "name": "Le",
  "surname": "Hays",
  "age": 38,
  "gender": "M",
  "company": "GYNKO",
  "email": "lehays@gynko.com",
  "phone": "(988) 492-3371",
  "address": "Maplewood",
  "city": {
    "id": 34,
    "name": "Wheaton"
  },
  "greeting": "Hello, Le! You have 4 unread messages."
}, {
  "id": 6,
  "name": "Welch",
  "surname": "Moore",
  "age": 27,
  "gender": "M",
  "company": "DIGIGENE",
  "email": "welchmoore@digigene.com",
  "phone": "(886) 548-2367",
  "address": "Dubois",
  "city": {
    "id": 42,
    "name": "Dawn"
  },
  "greeting": "Hello, Welch! You have 3 unread messages."
}, {
  "id": 7,
  "name": "Lois",
  "surname": "Gardner",
  "age": 24,
  "gender": "F",
  "company": "NEBULEAN",
  "email": "loisgardner@nebulean.com",
  "phone": "(915) 503-2121",
  "address": "Abiquiu",
  "city": {
    "id": 49,
    "name": "Sterling"
  },
  "greeting": "Hello, Lois! You have 10 unread messages."
}, {
  "id": 8,
  "name": "Conley",
  "surname": "Montoya",
  "age": 27,
  "gender": "M",
  "company": "TRANSLINK",
  "email": "conleymontoya@translink.com",
  "phone": "(896) 415-3717",
  "address": "Boykin",
  "city": {
    "id": 57,
    "name": "Coalmont"
  },
  "greeting": "Hello, Conley! You have 6 unread messages."
}, {
  "id": 9,
  "name": "Malone",
  "surname": "Farmer",
  "age": 22,
  "gender": "M",
  "company": "RENOVIZE",
  "email": "malonefarmer@renovize.com",
  "phone": "(842) 570-2958",
  "address": "Camino",
  "city": {
    "id": 64,
    "name": "Kipp"
  },
  "greeting": "Hello, Malone! You have 10 unread messages."
}, {
  "id": 10,
  "name": "Hurley",
  "surname": "Walter",
  "age": 34,
  "gender": "M",
  "company": "VELITY",
  "email": "hurleywalter@velity.com",
  "phone": "(995) 583-3889",
  "address": "Camptown",
  "city": {
    "id": 74,
    "name": "Thomasville"
  },
  "greeting": "Hello, Hurley! You have 10 unread messages."
}, {
  "id": 11,
  "name": "Maureen",
  "surname": "Sharpe",
  "age": 45,
  "gender": "F",
  "company": "ARTWORLDS",
  "email": "maureensharpe@artworlds.com",
  "phone": "(897) 449-2172",
  "address": "Wyano",
  "city": {
    "id": 52,
    "name": "Valle"
  },
  "greeting": "Hello, Maureen! You have 2 unread messages."
}, {
  "id": 12,
  "name": "Kirsten",
  "surname": "Mullins",
  "age": 15,
  "gender": "F",
  "company": "APPLIDEC",
  "email": "kirstenmullins@applidec.com",
  "phone": "(850) 533-2767",
  "address": "Holcombe",
  "city": {
    "id": 105,
    "name": "Farmington"
  },
  "greeting": "Hello, Kirsten! You have 10 unread messages."
}, {
  "id": 13,
  "name": "Keller",
  "surname": "Jones",
  "age": 35,
  "gender": "M",
  "company": "GLUID",
  "email": "kellerjones@gluid.com",
  "phone": "(893) 432-2010",
  "address": "Coral",
  "city": {
    "id": 100,
    "name": "Boykin"
  },
  "greeting": "Hello, Keller! You have 5 unread messages."
}, {
  "id": 14,
  "name": "Becky",
  "surname": "Walsh",
  "age": 28,
  "gender": "F",
  "company": "ZOID",
  "email": "beckywalsh@zoid.com",
  "phone": "(934) 516-2893",
  "address": "Homeworth",
  "city": {
    "id": 114,
    "name": "Wollochet"
  },
  "greeting": "Hello, Becky! You have 3 unread messages."
}, {
  "id": 15,
  "name": "Mae",
  "surname": "Cervantes",
  "age": 44,
  "gender": "F",
  "company": "GEOFARM",
  "email": "maecervantes@geofarm.com",
  "phone": "(962) 405-3611",
  "address": "Gallina",
  "city": {
    "id": 118,
    "name": "Townsend"
  },
  "greeting": "Hello, Mae! You have 4 unread messages."
}, {
  "id": 16,
  "name": "Gibson",
  "surname": "Ford",
  "age": 45,
  "gender": "M",
  "company": "ZENTHALL",
  "email": "gibsonford@zenthall.com",
  "phone": "(867) 565-2146",
  "address": "Drummond",
  "city": {
    "id": 126,
    "name": "Bayview"
  },
  "greeting": "Hello, Gibson! You have 2 unread messages."
}, {
  "id": 17,
  "name": "Saundra",
  "surname": "Herman",
  "age": 44,
  "gender": "F",
  "company": "KNOWLYSIS",
  "email": "saundraherman@knowlysis.com",
  "phone": "(856) 551-3836",
  "address": "Lawrence",
  "city": {
    "id": 136,
    "name": "Makena"
  },
  "greeting": "Hello, Saundra! You have 10 unread messages."
}, {
  "id": 18,
  "name": "Love",
  "surname": "Osborn",
  "age": 29,
  "gender": "M",
  "company": "ROCKLOGIC",
  "email": "loveosborn@rocklogic.com",
  "phone": "(889) 557-3310",
  "address": "Glasgow",
  "city": {
    "id": 140,
    "name": "Moraida"
  },
  "greeting": "Hello, Love! You have 5 unread messages."
}, {
  "id": 19,
  "name": "Shepherd",
  "surname": "Richmond",
  "age": 22,
  "gender": "M",
  "company": "GEEKUS",
  "email": "shepherdrichmond@geekus.com",
  "phone": "(992) 516-2717",
  "address": "Dundee",
  "city": {
    "id": 153,
    "name": "Thatcher"
  },
  "greeting": "Hello, Shepherd! You have 8 unread messages."
}, {
  "id": 20,
  "name": "Myrtle",
  "surname": "Wong",
  "age": 41,
  "gender": "F",
  "company": "CAXT",
  "email": "myrtlewong@caxt.com",
  "phone": "(902) 445-2367",
  "address": "Stockwell",
  "city": {
    "id": 3,
    "name": "Belvoir"
  },
  "greeting": "Hello, Myrtle! You have 6 unread messages."
}, {
  "id": 21,
  "name": "Knox",
  "surname": "Underwood",
  "age": 43,
  "gender": "M",
  "company": "COGENTRY",
  "email": "knoxunderwood@cogentry.com",
  "phone": "(812) 576-3360",
  "address": "Campo",
  "city": {
    "id": 9,
    "name": "Helen"
  },
  "greeting": "Hello, Knox! You have 2 unread messages."
}, {
  "id": 22,
  "name": "York",
  "surname": "Franco",
  "age": 23,
  "gender": "M",
  "company": "SYBIXTEX",
  "email": "yorkfranco@sybixtex.com",
  "phone": "(886) 578-3460",
  "address": "Norvelt",
  "city": {
    "id": 12,
    "name": "Juarez"
  },
  "greeting": "Hello, York! You have 8 unread messages."
}, {
  "id": 23,
  "name": "Elinor",
  "surname": "Baird",
  "age": 21,
  "gender": "F",
  "company": "FLYBOYZ",
  "email": "elinorbaird@flyboyz.com",
  "phone": "(858) 521-2619",
  "address": "Eastmont",
  "city": {
    "id": 30,
    "name": "Wilmington"
  },
  "greeting": "Hello, Elinor! You have 4 unread messages."
}, {
  "id": 24,
  "name": "Foreman",
  "surname": "Fisher",
  "age": 23,
  "gender": "M",
  "company": "ISOLOGIA",
  "email": "foremanfisher@isologia.com",
  "phone": "(856) 533-3677",
  "address": "Hondah",
  "city": {
    "id": 40,
    "name": "Rowe"
  },
  "greeting": "Hello, Foreman! You have 8 unread messages."
}, {
  "id": 25,
  "name": "Helena",
  "surname": "Castillo",
  "age": 49,
  "gender": "F",
  "company": "ENTOGROK",
  "email": "helenacastillo@entogrok.com",
  "phone": "(840) 463-2945",
  "address": "Chicopee",
  "city": {
    "id": 52,
    "name": "Valle"
  },
  "greeting": "Hello, Helena! You have 1 unread messages."
}, {
  "id": 26,
  "name": "Dionne",
  "surname": "Vang",
  "age": 28,
  "gender": "F",
  "company": "JOVIOLD",
  "email": "dionnevang@joviold.com",
  "phone": "(834) 409-2877",
  "address": "Shawmut",
  "city": {
    "id": 58,
    "name": "Hondah"
  },
  "greeting": "Hello, Dionne! You have 1 unread messages."
}, {
  "id": 27,
  "name": "Velez",
  "surname": "Young",
  "age": 32,
  "gender": "M",
  "company": "MANTRO",
  "email": "velezyoung@mantro.com",
  "phone": "(886) 496-2263",
  "address": "Deseret",
  "city": {
    "id": 67,
    "name": "Gilmore"
  },
  "greeting": "Hello, Velez! You have 8 unread messages."
}, {
  "id": 28,
  "name": "Rosanne",
  "surname": "Pierce",
  "age": 48,
  "gender": "F",
  "company": "IMAGEFLOW",
  "email": "rosannepierce@imageflow.com",
  "phone": "(953) 528-3478",
  "address": "Cumminsville",
  "city": {
    "id": 71,
    "name": "Westphalia"
  },
  "greeting": "Hello, Rosanne! You have 5 unread messages."
}, {
  "id": 29,
  "name": "Frost",
  "surname": "Roman",
  "age": 33,
  "gender": "M",
  "company": "VIAGREAT",
  "email": "frostroman@viagreat.com",
  "phone": "(841) 515-3489",
  "address": "Sunwest",
  "city": {
    "id": 73,
    "name": "Harleigh"
  },
  "greeting": "Hello, Frost! You have 7 unread messages."
}]