[
  {
    "id": 0,
    "name": "Gadsden"
  },
  {
    "id": 1,
    "name": "Barronett"
  },
  {
    "id": 2,
    "name": "Konterra"
  },
  {
    "id": 3,
    "name": "Belvoir"
  },
  {
    "id": 4,
    "name": "Lacomb"
  },
  {
    "id": 5,
    "name": "Buxton"
  },
  {
    "id": 6,
    "name": "Hatteras"
  },
  {
    "id": 7,
    "name": "Savannah"
  },
  {
    "id": 8,
    "name": "Limestone"
  },
  {
    "id": 9,
    "name": "Helen"
  },
  {
    "id": 10,
    "name": "Hardyville"
  },
  {
    "id": 11,
    "name": "Cascades"
  },
  {
    "id": 12,
    "name": "Juarez"
  },
  {
    "id": 13,
    "name": "Why"
  },
  {
    "id": 14,
    "name": "Edenburg"
  },
  {
    "id": 15,
    "name": "Cornfields"
  },
  {
    "id": 16,
    "name": "Curtice"
  },
  {
    "id": 17,
    "name": "Cumminsville"
  },
  {
    "id": 18,
    "name": "Elwood"
  },
  {
    "id": 19,
    "name": "Chapin"
  },
  {
    "id": 20,
    "name": "Brutus"
  },
  {
    "id": 21,
    "name": "Barrelville"
  },
  {
    "id": 22,
    "name": "Kula"
  },
  {
    "id": 23,
    "name": "Abrams"
  },
  {
    "id": 24,
    "name": "Flintville"
  },
  {
    "id": 25,
    "name": "Blairstown"
  },
  {
    "id": 26,
    "name": "Fillmore"
  },
  {
    "id": 27,
    "name": "Salvo"
  },
  {
    "id": 28,
    "name": "Brooktrails"
  },
  {
    "id": 29,
    "name": "Irwin"
  },
  {
    "id": 30,
    "name": "Wilmington"
  },
  {
    "id": 31,
    "name": "Blue"
  },
  {
    "id": 32,
    "name": "Gerber"
  },
  {
    "id": 33,
    "name": "Lindcove"
  },
  {
    "id": 34,
    "name": "Wheaton"
  },
  {
    "id": 35,
    "name": "Vandiver"
  },
  {
    "id": 36,
    "name": "Rockhill"
  },
  {
    "id": 37,
    "name": "Dixie"
  },
  {
    "id": 38,
    "name": "Canterwood"
  },
  {
    "id": 39,
    "name": "Holtville"
  },
  {
    "id": 40,
    "name": "Rowe"
  },
  {
    "id": 41,
    "name": "Bannock"
  },
  {
    "id": 42,
    "name": "Dawn"
  },
  {
    "id": 43,
    "name": "Weeksville"
  },
  {
    "id": 44,
    "name": "Hampstead"
  },
  {
    "id": 45,
    "name": "Shelby"
  },
  {
    "id": 46,
    "name": "Itmann"
  },
  {
    "id": 47,
    "name": "Yardville"
  },
  {
    "id": 48,
    "name": "Wiscon"
  },
  {
    "id": 49,
    "name": "Sterling"
  },
  {
    "id": 50,
    "name": "Kenmar"
  },
  {
    "id": 51,
    "name": "Worton"
  },
  {
    "id": 52,
    "name": "Valle"
  },
  {
    "id": 53,
    "name": "Joppa"
  },
  {
    "id": 54,
    "name": "Homeworth"
  },
  {
    "id": 55,
    "name": "Kirk"
  },
  {
    "id": 56,
    "name": "Loma"
  },
  {
    "id": 57,
    "name": "Coalmont"
  },
  {
    "id": 58,
    "name": "Hondah"
  },
  {
    "id": 59,
    "name": "Westmoreland"
  },
  {
    "id": 60,
    "name": "Groton"
  },
  {
    "id": 61,
    "name": "Soudan"
  },
  {
    "id": 62,
    "name": "Worcester"
  },
  {
    "id": 63,
    "name": "Bowden"
  },
  {
    "id": 64,
    "name": "Kipp"
  },
  {
    "id": 65,
    "name": "Babb"
  },
  {
    "id": 66,
    "name": "Spelter"
  },
  {
    "id": 67,
    "name": "Gilmore"
  },
  {
    "id": 68,
    "name": "Marbury"
  },
  {
    "id": 69,
    "name": "Brenton"
  },
  {
    "id": 70,
    "name": "Catharine"
  },
  {
    "id": 71,
    "name": "Westphalia"
  },
  {
    "id": 72,
    "name": "Columbus"
  },
  {
    "id": 73,
    "name": "Harleigh"
  },
  {
    "id": 74,
    "name": "Thomasville"
  },
  {
    "id": 75,
    "name": "Sunriver"
  },
  {
    "id": 76,
    "name": "Umapine"
  },
  {
    "id": 77,
    "name": "Whipholt"
  },
  {
    "id": 78,
    "name": "Inkerman"
  },
  {
    "id": 79,
    "name": "Choctaw"
  },
  {
    "id": 80,
    "name": "Otranto"
  },
  {
    "id": 81,
    "name": "Greenfields"
  },
  {
    "id": 82,
    "name": "Northchase"
  },
  {
    "id": 83,
    "name": "Cressey"
  },
  {
    "id": 84,
    "name": "Lund"
  },
  {
    "id": 85,
    "name": "Grill"
  },
  {
    "id": 86,
    "name": "Accoville"
  },
  {
    "id": 87,
    "name": "Libertytown"
  },
  {
    "id": 88,
    "name": "Belva"
  },
  {
    "id": 89,
    "name": "Richford"
  },
  {
    "id": 90,
    "name": "Nelson"
  },
  {
    "id": 91,
    "name": "Fairview"
  },
  {
    "id": 92,
    "name": "Caroline"
  },
  {
    "id": 93,
    "name": "Bladensburg"
  },
  {
    "id": 94,
    "name": "Celeryville"
  },
  {
    "id": 95,
    "name": "Islandia"
  },
  {
    "id": 96,
    "name": "Robinette"
  },
  {
    "id": 97,
    "name": "Hillsboro"
  },
  {
    "id": 98,
    "name": "Dana"
  },
  {
    "id": 99,
    "name": "Deseret"
  },
  {
    "id": 100,
    "name": "Boykin"
  },
  {
    "id": 101,
    "name": "Boonville"
  },
  {
    "id": 102,
    "name": "Sidman"
  },
  {
    "id": 103,
    "name": "Mammoth"
  },
  {
    "id": 104,
    "name": "Southview"
  },
  {
    "id": 105,
    "name": "Farmington"
  },
  {
    "id": 106,
    "name": "Lewis"
  },
  {
    "id": 107,
    "name": "Enoree"
  },
  {
    "id": 108,
    "name": "Fredericktown"
  },
  {
    "id": 109,
    "name": "Shrewsbury"
  },
  {
    "id": 110,
    "name": "Nicut"
  },
  {
    "id": 111,
    "name": "Edgewater"
  },
  {
    "id": 112,
    "name": "Snyderville"
  },
  {
    "id": 113,
    "name": "Germanton"
  },
  {
    "id": 114,
    "name": "Wollochet"
  },
  {
    "id": 115,
    "name": "Dola"
  },
  {
    "id": 116,
    "name": "Klondike"
  },
  {
    "id": 117,
    "name": "Bartonsville"
  },
  {
    "id": 118,
    "name": "Townsend"
  },
  {
    "id": 119,
    "name": "Outlook"
  },
  {
    "id": 120,
    "name": "Kilbourne"
  },
  {
    "id": 121,
    "name": "Avoca"
  },
  {
    "id": 122,
    "name": "Wheatfields"
  },
  {
    "id": 123,
    "name": "Campo"
  },
  {
    "id": 124,
    "name": "Odessa"
  },
  {
    "id": 125,
    "name": "Chemung"
  },
  {
    "id": 126,
    "name": "Bayview"
  },
  {
    "id": 127,
    "name": "Bennett"
  },
  {
    "id": 128,
    "name": "Corriganville"
  },
  {
    "id": 129,
    "name": "Healy"
  },
  {
    "id": 130,
    "name": "Interlochen"
  },
  {
    "id": 131,
    "name": "Greenock"
  },
  {
    "id": 132,
    "name": "Wauhillau"
  },
  {
    "id": 133,
    "name": "Manchester"
  },
  {
    "id": 134,
    "name": "Topanga"
  },
  {
    "id": 135,
    "name": "Shepardsville"
  },
  {
    "id": 136,
    "name": "Makena"
  },
  {
    "id": 137,
    "name": "Alleghenyville"
  },
  {
    "id": 138,
    "name": "Oretta"
  },
  {
    "id": 139,
    "name": "Rivers"
  },
  {
    "id": 140,
    "name": "Moraida"
  },
  {
    "id": 141,
    "name": "Cannondale"
  },
  {
    "id": 142,
    "name": "Bendon"
  },
  {
    "id": 143,
    "name": "Santel"
  },
  {
    "id": 144,
    "name": "Concho"
  },
  {
    "id": 145,
    "name": "Hegins"
  },
  {
    "id": 146,
    "name": "Cleary"
  },
  {
    "id": 147,
    "name": "Freeburn"
  },
  {
    "id": 148,
    "name": "Herlong"
  },
  {
    "id": 149,
    "name": "Sheatown"
  },
  {
    "id": 150,
    "name": "Skyland"
  },
  {
    "id": 151,
    "name": "Trail"
  },
  {
    "id": 152,
    "name": "Chestnut"
  },
  {
    "id": 153,
    "name": "Thatcher"
  },
  {
    "id": 154,
    "name": "Delco"
  },
  {
    "id": 155,
    "name": "Bordelonville"
  },
  {
    "id": 156,
    "name": "Manitou"
  },
  {
    "id": 157,
    "name": "Gorham"
  },
  {
    "id": 158,
    "name": "Leeper"
  },
  {
    "id": 159,
    "name": "Connerton"
  },
  {
    "id": 160,
    "name": "Holcombe"
  },
  {
    "id": 161,
    "name": "Maybell"
  },
  {
    "id": 162,
    "name": "Waterloo"
  },
  {
    "id": 163,
    "name": "Snelling"
  },
  {
    "id": 164,
    "name": "Avalon"
  },
  {
    "id": 165,
    "name": "Caroleen"
  },
  {
    "id": 166,
    "name": "Gardiner"
  },
  {
    "id": 167,
    "name": "Hobucken"
  },
  {
    "id": 168,
    "name": "Sunbury"
  },
  {
    "id": 169,
    "name": "Nutrioso"
  },
  {
    "id": 170,
    "name": "Enetai"
  },
  {
    "id": 171,
    "name": "Rosewood"
  },
  {
    "id": 172,
    "name": "Fairfield"
  },
  {
    "id": 173,
    "name": "Nord"
  },
  {
    "id": 174,
    "name": "Longbranch"
  },
  {
    "id": 175,
    "name": "Stockdale"
  },
  {
    "id": 176,
    "name": "Hasty"
  },
  {
    "id": 177,
    "name": "Unionville"
  },
  {
    "id": 178,
    "name": "Tolu"
  },
  {
    "id": 179,
    "name": "Cade"
  },
  {
    "id": 180,
    "name": "Munjor"
  },
  {
    "id": 181,
    "name": "Newry"
  },
  {
    "id": 182,
    "name": "Bend"
  },
  {
    "id": 183,
    "name": "Lorraine"
  },
  {
    "id": 184,
    "name": "Kraemer"
  },
  {
    "id": 185,
    "name": "Gwynn"
  },
  {
    "id": 186,
    "name": "Vallonia"
  },
  {
    "id": 187,
    "name": "Kerby"
  },
  {
    "id": 188,
    "name": "Wintersburg"
  },
  {
    "id": 189,
    "name": "Hall"
  },
  {
    "id": 190,
    "name": "Sexton"
  },
  {
    "id": 191,
    "name": "Bascom"
  },
  {
    "id": 192,
    "name": "Adelino"
  },
  {
    "id": 193,
    "name": "Wyano"
  },
  {
    "id": 194,
    "name": "Brownlee"
  },
  {
    "id": 195,
    "name": "Chicopee"
  },
  {
    "id": 196,
    "name": "Bluffview"
  },
  {
    "id": 197,
    "name": "Veyo"
  },
  {
    "id": 198,
    "name": "Henrietta"
  },
  {
    "id": 199,
    "name": "Leola"
  }
]