[
  {
    "id": 0,
    "name": "Walker",
    "surname": "Bell",
    "age": 45,
    "gender": "male",
    "company": "CHILLIUM",
    "email": "walkerbell@chillium.com",
    "phone": "(802) 507-2653",
    "address": "924 Vermont Court, Waumandee, New Hampshire, 3535",
    "greeting": "Hello, Walker! You have 3 unread messages.",
    "favoriteFruit": "strawberry"
  },
  {
    "id": 1,
    "name": "Edwards",
    "surname": "Blair",
    "age": 19,
    "gender": "male",
    "company": "RODEOCEAN",
    "email": "edwardsblair@rodeocean.com",
    "phone": "(977) 473-2158",
    "address": "435 Sackman Street, Alafaya, California, 5721",
    "greeting": "Hello, Edwards! You have 5 unread messages.",
    "favoriteFruit": "apple"
  },
  {
    "id": 2,
    "name": "Nelda",
    "surname": "Cantrell",
    "age": 34,
    "gender": "female",
    "company": "BOLAX",
    "email": "neldacantrell@bolax.com",
    "phone": "(955) 534-2148",
    "address": "161 Hausman Street, Harold, Nevada, 5378",
    "greeting": "Hello, Nelda! You have 5 unread messages.",
    "favoriteFruit": "banana"
  },
  {
    "id": 3,
    "name": "Ericka",
    "surname": "Lindsey",
    "age": 27,
    "gender": "female",
    "company": "EXOSPEED",
    "email": "erickalindsey@exospeed.com",
    "phone": "(967) 561-2243",
    "address": "241 Church Avenue, Tryon, Palau, 236",
    "greeting": "Hello, Ericka! You have 5 unread messages.",
    "favoriteFruit": "banana"
  },
  {
    "id": 4,
    "name": "Bright",
    "surname": "Lara",
    "age": 24,
    "gender": "male",
    "company": "DIGIGEN",
    "email": "brightlara@digigen.com",
    "phone": "(861) 513-3225",
    "address": "811 Beaumont Street, Yonah, West Virginia, 4725",
    "greeting": "Hello, Bright! You have 7 unread messages.",
    "favoriteFruit": "strawberry"
  },
  {
    "id": 5,
    "name": "Eula",
    "surname": "Hopkins",
    "age": 18,
    "gender": "female",
    "company": "KEGULAR",
    "email": "eulahopkins@kegular.com",
    "phone": "(880) 561-2211",
    "address": "918 Hamilton Walk, Kenwood, Oregon, 4622",
    "greeting": "Hello, Eula! You have 5 unread messages.",
    "favoriteFruit": "banana"
  },
  {
    "id": 6,
    "name": "Kaye",
    "surname": "Donovan",
    "age": 24,
    "gender": "female",
    "company": "SATIANCE",
    "email": "kayedonovan@satiance.com",
    "phone": "(973) 575-2379",
    "address": "675 Maple Avenue, Villarreal, South Dakota, 7191",
    "greeting": "Hello, Kaye! You have 3 unread messages.",
    "favoriteFruit": "strawberry"
  },
  {
    "id": 7,
    "name": "Valentine",
    "surname": "Cameron",
    "age": 43,
    "gender": "male",
    "company": "VOLAX",
    "email": "valentinecameron@volax.com",
    "phone": "(961) 417-3790",
    "address": "559 Brightwater Court, Fairview, Marshall Islands, 5276",
    "greeting": "Hello, Valentine! You have 2 unread messages.",
    "favoriteFruit": "banana"
  },
  {
    "id": 8,
    "name": "Wilkerson",
    "surname": "Savage",
    "age": 41,
    "gender": "male",
    "company": "NEWCUBE",
    "email": "wilkersonsavage@newcube.com",
    "phone": "(953) 446-3227",
    "address": "429 Hyman Court, Orick, New Jersey, 5829",
    "greeting": "Hello, Wilkerson! You have 4 unread messages.",
    "favoriteFruit": "banana"
  },
  {
    "id": 9,
    "name": "Cornelia",
    "surname": "Boyer",
    "age": 41,
    "gender": "female",
    "company": "CENTREXIN",
    "email": "corneliaboyer@centrexin.com",
    "phone": "(877) 544-2820",
    "address": "272 Mill Road, Noblestown, Guam, 4820",
    "greeting": "Hello, Cornelia! You have 7 unread messages.",
    "favoriteFruit": "strawberry"
  },
  {
    "id": 10,
    "name": "Haley",
    "surname": "Stevens",
    "age": 35,
    "gender": "female",
    "company": "GEEKWAGON",
    "email": "haleystevens@geekwagon.com",
    "phone": "(888) 539-2069",
    "address": "926 Wilson Avenue, Islandia, Hawaii, 8793",
    "greeting": "Hello, Haley! You have 5 unread messages.",
    "favoriteFruit": "banana"
  },
  {
    "id": 11,
    "name": "Josie",
    "surname": "Booker",
    "age": 21,
    "gender": "female",
    "company": "CUBIX",
    "email": "josiebooker@cubix.com",
    "phone": "(875) 498-2066",
    "address": "860 Howard Alley, Chical, Texas, 8367",
    "greeting": "Hello, Josie! You have 10 unread messages.",
    "favoriteFruit": "strawberry"
  },
  {
    "id": 12,
    "name": "Adeline",
    "surname": "Bradford",
    "age": 35,
    "gender": "female",
    "company": "BITREX",
    "email": "adelinebradford@bitrex.com",
    "phone": "(904) 441-3834",
    "address": "109 Moore Place, Belvoir, Ohio, 5286",
    "greeting": "Hello, Adeline! You have 8 unread messages.",
    "favoriteFruit": "strawberry"
  },
  {
    "id": 13,
    "name": "Maribel",
    "surname": "Ray",
    "age": 18,
    "gender": "female",
    "company": "FROLIX",
    "email": "maribelray@frolix.com",
    "phone": "(956) 479-3605",
    "address": "419 Flatbush Avenue, Rockingham, Idaho, 9415",
    "greeting": "Hello, Maribel! You have 6 unread messages.",
    "favoriteFruit": "apple"
  },
  {
    "id": 14,
    "name": "Iris",
    "surname": "Todd",
    "age": 20,
    "gender": "female",
    "company": "SKINSERVE",
    "email": "iristodd@skinserve.com",
    "phone": "(943) 504-2232",
    "address": "232 Plymouth Street, Cowiche, Federated States Of Micronesia, 8513",
    "greeting": "Hello, Iris! You have 7 unread messages.",
    "favoriteFruit": "banana"
  },
  {
    "id": 15,
    "name": "Barry",
    "surname": "Herring",
    "age": 47,
    "gender": "male",
    "company": "VIASIA",
    "email": "barryherring@viasia.com",
    "phone": "(985) 466-2800",
    "address": "191 Bowne Street, Eggertsville, Kentucky, 3102",
    "greeting": "Hello, Barry! You have 6 unread messages.",
    "favoriteFruit": "strawberry"
  },
  {
    "id": 16,
    "name": "Caitlin",
    "surname": "Elliott",
    "age": 43,
    "gender": "female",
    "company": "SINGAVERA",
    "email": "caitlinelliott@singavera.com",
    "phone": "(914) 409-3181",
    "address": "114 Clay Street, Reinerton, Mississippi, 6403",
    "greeting": "Hello, Caitlin! You have 2 unread messages.",
    "favoriteFruit": "apple"
  },
  {
    "id": 17,
    "name": "Cherry",
    "surname": "Calderon",
    "age": 33,
    "gender": "female",
    "company": "ZIORE",
    "email": "cherrycalderon@ziore.com",
    "phone": "(860) 426-3829",
    "address": "412 Hemlock Street, Gulf, Illinois, 5139",
    "greeting": "Hello, Cherry! You have 1 unread messages.",
    "favoriteFruit": "apple"
  },
  {
    "id": 18,
    "name": "Mendoza",
    "surname": "Houston",
    "age": 15,
    "gender": "male",
    "company": "SPEEDBOLT",
    "email": "mendozahouston@speedbolt.com",
    "phone": "(839) 422-3671",
    "address": "314 Bedford Avenue, National, Iowa, 2576",
    "greeting": "Hello, Mendoza! You have 8 unread messages.",
    "favoriteFruit": "apple"
  },
  {
    "id": 19,
    "name": "Williams",
    "surname": "Luna",
    "age": 23,
    "gender": "male",
    "company": "INTRAWEAR",
    "email": "williamsluna@intrawear.com",
    "phone": "(862) 537-2222",
    "address": "302 Milford Street, Datil, Connecticut, 6904",
    "greeting": "Hello, Williams! You have 1 unread messages.",
    "favoriteFruit": "apple"
  },
  {
    "id": 20,
    "name": "Terra",
    "surname": "Stout",
    "age": 49,
    "gender": "female",
    "company": "COMTOUR",
    "email": "terrastout@comtour.com",
    "phone": "(971) 535-3453",
    "address": "974 Hinsdale Street, Woodruff, North Carolina, 1689",
    "greeting": "Hello, Terra! You have 1 unread messages.",
    "favoriteFruit": "strawberry"
  },
  {
    "id": 21,
    "name": "Earlene",
    "surname": "Roberson",
    "age": 27,
    "gender": "female",
    "company": "QUALITERN",
    "email": "earleneroberson@qualitern.com",
    "phone": "(974) 474-2490",
    "address": "368 Burnett Street, Kenvil, North Dakota, 4116",
    "greeting": "Hello, Earlene! You have 7 unread messages.",
    "favoriteFruit": "strawberry"
  },
  {
    "id": 22,
    "name": "Angela",
    "surname": "Swanson",
    "age": 33,
    "gender": "female",
    "company": "KONGENE",
    "email": "angelaswanson@kongene.com",
    "phone": "(884) 442-2124",
    "address": "657 Tennis Court, Orovada, Puerto Rico, 7093",
    "greeting": "Hello, Angela! You have 9 unread messages.",
    "favoriteFruit": "strawberry"
  },
  {
    "id": 23,
    "name": "Eloise",
    "surname": "Wong",
    "age": 16,
    "gender": "female",
    "company": "ZOGAK",
    "email": "eloisewong@zogak.com",
    "phone": "(942) 423-3696",
    "address": "558 Oliver Street, Maplewood, District Of Columbia, 7707",
    "greeting": "Hello, Eloise! You have 8 unread messages.",
    "favoriteFruit": "strawberry"
  },
  {
    "id": 24,
    "name": "Travis",
    "surname": "Carr",
    "age": 36,
    "gender": "male",
    "company": "ACRUEX",
    "email": "traviscarr@acruex.com",
    "phone": "(892) 473-2017",
    "address": "957 Kansas Place, Grapeview, Virginia, 5771",
    "greeting": "Hello, Travis! You have 7 unread messages.",
    "favoriteFruit": "apple"
  },
  {
    "id": 25,
    "name": "Johns",
    "surname": "Robinson",
    "age": 46,
    "gender": "male",
    "company": "GYNK",
    "email": "johnsrobinson@gynk.com",
    "phone": "(825) 436-3814",
    "address": "115 Hastings Street, Tonopah, Arkansas, 9356",
    "greeting": "Hello, Johns! You have 9 unread messages.",
    "favoriteFruit": "apple"
  },
  {
    "id": 26,
    "name": "Rosanne",
    "surname": "Hodges",
    "age": 19,
    "gender": "female",
    "company": "NUTRALAB",
    "email": "rosannehodges@nutralab.com",
    "phone": "(904) 599-2361",
    "address": "581 Bergen Avenue, Bentonville, American Samoa, 7605",
    "greeting": "Hello, Rosanne! You have 3 unread messages.",
    "favoriteFruit": "banana"
  },
  {
    "id": 27,
    "name": "Olson",
    "surname": "Thomas",
    "age": 39,
    "gender": "male",
    "company": "KOFFEE",
    "email": "olsonthomas@koffee.com",
    "phone": "(913) 513-3413",
    "address": "352 Midwood Street, Chemung, Michigan, 2803",
    "greeting": "Hello, Olson! You have 1 unread messages.",
    "favoriteFruit": "banana"
  },
  {
    "id": 28,
    "name": "Greene",
    "surname": "Welch",
    "age": 40,
    "gender": "male",
    "company": "EGYPTO",
    "email": "greenewelch@egypto.com",
    "phone": "(957) 596-3747",
    "address": "471 Crystal Street, Kapowsin, South Carolina, 9749",
    "greeting": "Hello, Greene! You have 8 unread messages.",
    "favoriteFruit": "banana"
  },
  {
    "id": 29,
    "name": "Jerry",
    "surname": "Fuller",
    "age": 35,
    "gender": "female",
    "company": "LETPRO",
    "email": "jerryfuller@letpro.com",
    "phone": "(899) 485-2279",
    "address": "382 Carlton Avenue, Moquino, Georgia, 3590",
    "greeting": "Hello, Jerry! You have 1 unread messages.",
    "favoriteFruit": "strawberry"
  }
]